net,sta,lat,lon,elev,lito,lito_code,luse,luse_code,coast_dist,road_dist
IT,0CAN,43.4723,12.6308,0.41,3,Al,100,SL,55.7735439850788,17.11656769021473
IT,0PIO,43.5873,12.5127,0.386,3,Al,100,SL,46.1433130344381,12.546934879422192
IT,0REN,43.5462,12.264,0.516,6,Ssr,210,ACL,60.9064973949275,4.257962551635479
IT,ACQ,44.6826,8.4624,0.215,3,Al,300,FL,37.153543110511,29.659021679036023
IT,ACR,39.4889,16.3798,0.705,15,Sr,100,SL,22.5647695693587,19.27671705866341
IT,ACT,42.7713,13.4125,0.045,12,Cr,300,FL,43.8914380080853,26.921629129132658
IT,AGL,42.0873,12.3032,0.173,11,Pr,210,ACL,23.3928630562209,18.636341673631865
IT,AGNN,41.808,14.3706,0.808,6,Ssr,100,SL,43.8075679459755,12.594018539490396
IT,AGR,37.3231,13.586,0.339,5,E,340,OL,5.04182005323517,33.05378192406855
IT,ALC,37.9734,12.9597,0.312,12,Cr,100,SL,6.52899772585676,2.699835582607901
IT,ALD,39.9298,16.4653,0.785,6,Ssr,210,ACL,9.05018682534823,7.636291072501367
IT,ALF,44.5022,12.0334,0.006,3,Al,100,SL,19.674117288581,13.79761922842317
IT,ALFD,41.7415,14.0442,0.913,17,Ucr,100,SL,61.4760315481957,14.850973854704138
IT,ALSD,44.9387,8.5684,0.098,3,Al,100,SL,58.5377611292023,23.967050759765144
IT,ALT,40.5583,15.3921,0.357,16,Ccr,340,OL,37.9436327614525,12.659629030446542
IT,AMA,41.4676,13.335,0.156,17,Ucr,100,SL,19.2253519895494,16.912613228024778
IT,AME,42.5597,12.414,0.408,12,Cr,100,SL,71.6165783822211,2.4700960646573624
IT,AMN,39.1367,16.0796,0.098,17,Ucr,210,ACL,1.14566575087891,11.0870901250366
IT,AMSN,41.4684,13.3336,0.107,17,Ucr,100,SL,19.2902495922989,27.178606421735168
IT,AMT,42.6325,13.2866,0.933,6,Ssr,100,SL,57.4371948486591,13.160279982183456
IT,ANB,43.5922,13.5074,0.056,3,Al,100,SL,2.34426896390067,19.95233659944354
IX,AND3,40.9298,15.3331,0.905,17,Ucr,210,ACL,54.5379234548828,12.62218801948992
IT,ANT,42.4182,13.0786,0.564,12,Cr,100,SL,82.9527859060418,1.858419144043345
IT,ANZ,41.4507,12.6258,0.031,17,Ucr,100,SL,0.551101997699343,7.148192340385439
IT,AOSA,45.7398,7.3641,0.574,3,Al,100,SL,182.679653702812,15.45348955890842
IT,APNO,43.3638,13.3451,0.244,3,Al,100,SL,29.0011245037418,9.448605764173994
IT,APR,46.1562,10.1577,1.203,4,Gd,100,SL,215.011969619497,3.5540803461584605
IT,AQA,42.3755,13.3393,0.693,3,Al,300,FL,65.5875160557803,18.27530552413739
IT,AQF,42.3807,13.3547,0.805,3,Al,340,OL,64.2197123825706,85.24125801803208
IT,AQG,42.3737,13.337,0.743,12,Cr,210,ACL,65.857801205625,12.755443408466636
IT,AQK,42.345,13.4009,0.726,16,Ccr,100,SL,63.359527068787,10.095025891867476
IT,AQP,42.3837,13.3686,1.192,12,Cr,300,FL,63.0965347293127,0.2168384986355719
IT,AQV,42.3771,13.3439,0.692,3,Al,100,SL,65.175817588499,22.10837545519233
IT,ARCV,43.495,12.9396,0.63,10,M,100,SL,34.9077459659956,9.032587725970869
IT,ARE,38.5614,16.2088,0.492,13,Ir,210,ACL,18.5483861049041,149.81719958047657
IT,ARG,44.6306,11.8251,0.045,3,Al,100,SL,33.602543350789,24.461709246007253
IT,ARI,41.1546,15.0903,0.785,6,Ssr,100,SL,59.9767686561504,6.471578194617874
IT,ARL,41.057,14.5429,0.503,11,Pr,230,GL,34.5207013914901,24.53461723777236
IT,ARO,43.4662,11.8828,0.353,6,Ssr,100,SL,88.0868813639835,15.09475401881168
IT,ARR,41.1418,15.0819,0.639,6,Ssr,100,SL,58.3903400340905,8.438665434378297
IT,ASGO,45.8667,11.5253,1.084,12,Cr,100,SL,84.6395732424111,2.7712248539396733
IT,ASP,42.848,13.6479,0.089,3,Al,100,SL,22.4108113041374,13.976937341825863
IT,ASR,41.199,15.563,0.487,16,Ccr,100,SL,44.456804008099,31.001064182984425
IT,ASS,43.075,12.6041,0.39,12,Cr,100,SL,89.3065094727692,53.876435521573086
IT,ASTI,44.9072,8.2016,0.173,17,Ucr,100,SL,68.844215505007,17.185378241899407
IT,ATI,41.6219,13.7948,0.439,12,Cr,100,SL,41.5232029093341,39.01185559155796
IT,ATN,41.6203,13.8012,0.472,12,Cr,100,SL,41.4467593287177,9.558608389379328
IT,ATRI,42.5745,13.9943,0.432,16,Ccr,100,SL,7.56220067388263,8.118288752203158
IT,ATSA,42.0683,14.4433,0.47,17,Ucr,100,SL,20.6260051558155,0.4611979152815887
IT,AUG1,37.2432,15.2555,0.048,12,Cr,100,SL,0.044550388940726,0.389686463301058
IT,AUL,44.2087,9.9731,0.177,15,Sr,100,SL,15.1055946420554,37.1584384326467
IX,AVG3,40.7619,15.7251,1.213,6,Ssr,230,GL,76.8407808544246,5.610683050726938
IT,AVI,46.0643,12.6023,0.21,3,Al,100,SL,57.8741303487081,85.24636455692969
IT,AVL,40.9228,14.787,0.422,11,Pr,100,SL,27.3208325533155,58.2384887224496
IT,AVS,46.2946,13.0497,0.256,3,Al,230,GL,65.5995426574696,15.617237822569235
IT,AVT,40.3217,17.6994,0.047,12,Cr,100,SL,2.01491675763112,5.561963262204671
IT,AVZ,42.0274,13.4259,0.746,3,Al,100,SL,81.8640343983297,16.963289735631857
IT,BAG,38.0291,15.8222,0.534,15,Sr,220,PCL,12.1241688199648,39.78862789904712
IT,BAN,40.8138,14.1652,0.051,20,B,100,SL,0.0784684539951344,46.73333240312481
IT,BBN,43.7476,11.8214,0.472,17,Ucr,100,SL,69.088079493433,1.93670352900419
IT,BCL,38.1827,15.2316,0.038,3,Al,100,SL,1.709009275968,4.664377988027762
IT,BCLI,40.7968,14.0777,0.015,17,Ucr,100,SL,0.468592706158708,29.70295078322197
IT,BCN,40.6343,15.3823,0.661,12,Cr,100,SL,41.0938629090238,16.342129758039395
IT,BDG,44.5067,9.6229,0.537,2,CM,100,SL,31.6150236429625,3.595409730409179
IT,BDT,43.7068,12.188,0.795,18,Ssr,100,SL,51.5258733519543,4.207768864113387
IX,BEL3,40.7153,15.6369,0.758,6,Ssr,210,ACL,70.940228064273,8.545233098215428
IT,BEL7,40.7589,15.5396,0.692,18,Ssr,100,SL,59.8824739290835,7.706910023554853
IX,BENI,41.1298,14.7716,0.075,3,Al,100,SL,50.2082990456227,26.505509313590025
IT,BGI,40.8311,15.0681,0.676,12,Cr,100,SL,30.3113389816205,4.252112740051697
IT,BGL,43.9958,10.5769,0.447,6,Ssr,100,SL,30.5570952529661,4.183249344943923
IT,BGMO,45.6925,9.6903,0.278,3,Al,100,SL,153.637925562115,22.14101093035111
IT,BGN,44.3224,9.9917,0.304,3,Al,300,FL,26.1072081024054,124.50754253525768
IT,BGR,43.8895,11.9912,0.557,6,Ssr,100,SL,48.2280780115589,11.615081139053158
IT,BIEL,45.5459,8.0553,0.375,3,Al,100,SL,138.238873289627,13.017242753670036
IT,BLL,46.1594,12.2364,0.433,3,Al,100,SL,82.0798569420319,56.26802860504076
IT,BLZN,46.4917,11.392,0.384,11,Pr,230,GL,142.065128432197,31.811599550176457
IT,BNE,41.1276,14.7849,0.221,3,Al,100,SL,50.0034671521821,8.395955785783393
IT,BNF,39.5845,15.8909,0.475,16,Ccr,210,ACL,2.25911292065034,288.87314223889524
IT,BNO,45.9484,10.2904,0.441,12,Cr,100,SL,200.179224521959,22.56616332583805
IT,BNT,37.7805,14.8444,0.924,9,Lb,100,SL,37.9010210307859,13.369008995134834
IT,BNV,41.1177,14.7973,0.234,3,Al,100,SL,48.9658945228299,11.534481089860114
IT,BOI,41.4812,14.4725,0.501,17,Ucr,100,SL,70.4992736491403,6.412788944158938
IT,BOJ,41.4845,14.4721,0.539,17,Ucr,100,SL,70.1640819117686,1.5989986678320756
IT,BOR,42.5075,13.1406,0.818,3,Al,210,ACL,73.6874997059838,17.455941971741474
IT,BOZL,45.0995,10.4798,0.059,3,Al,100,SL,123.551781685126,4.993209498043867
IT,BRA,46.0041,9.7619,0.815,18,Ssr,100,SL,188.6236056039,8.762461933142006
IT,BRB,43.9542,11.2128,0.426,18,Ssr,300,FL,78.6039387605561,53.666839710321895
IT,BRC,46.1857,12.5518,0.453,12,Cr,300,FL,71.9204557668443,0.9227046803563588
IT,BRD,43.9002,7.7263,0.957,6,Ssr,100,SL,10.5604747773796,9.81002376335156
IT,BRDS,40.6302,17.9412,0.017,17,Ucr,100,SL,0.730164783194693,4.22302275996602
IT,BRH,44.2076,11.7639,0.149,3,Al,220,PCL,47.963823419535,15.953210892526563
IT,BRLL,41.5219,14.5839,0.695,12,Cr,100,SL,61.7240104153555,7.672446945225747
IT,BRM,44.1293,11.1176,0.851,6,Ssr,300,FL,76.0832023317032,16.631301543295457
IT,BRN,40.4726,15.6431,0.708,16,Ccr,300,FL,44.2691894699831,142.96454368898495
IT,BRO,38.6021,16.3493,0.821,13,Ir,100,SL,18.5229473098828,17.474820379478366
IT,BRR,44.5063,9.9872,0.808,17,Ucr,100,SL,45.3349480369834,6.693502947910622
IT,BRS,42.3243,13.5902,0.977,3,Al,100,SL,52.3285602981611,7.709664410911546
IT,BRSA,45.5527,10.2255,0.166,3,Al,100,SL,163.01190706442,6.563997828897729
IT,BRZ,44.3797,6.9683,1.626,15,Sr,230,GL,79.9910574640947,3.88292749456594
IT,BSA,41.0092,15.3582,0.933,2,CM,100,SL,61.8953948642608,21.729350639735404
IX,BSC3,41.012,15.3852,0.98,16,Ccr,300,FL,63.7527698784187,31.43012197409715
IT,BSG,45.7496,11.7408,0.154,3,Al,100,SL,63.4888707800944,13.897869735892083
IT,BSS,42.1917,13.8453,0.264,3,Al,230,GL,44.8726486838334,80.73455808576549
IT,BSZ,44.031,11.467,0.685,6,Ssr,100,SL,77.3707392471615,34.12592687830719
IT,BTR,38.9415,16.8589,0.1,17,Ucr,220,PCL,2.22961756270292,7.23247415654286
IT,BTT2,41.9983,13.5431,0.663,3,Al,210,ACL,80.5635691148501,2.404664931906538
IT,BVG,42.9323,12.611,0.216,3,Al,100,SL,102.612911304296,3.724466078846661
IT,BVM,37.931,15.936,0.187,15,Sr,100,SL,0.44311679722724,33.726624846938975
IT,BVN,41.249,15.3422,0.608,6,Ssr,100,SL,56.5973560843892,9.569189534189302
IT,BVT,44.5304,9.7428,0.84,17,Ucr,100,SL,39.2273666564559,5.202657746307314
IT,BZZ,42.337,13.4685,0.64,3,Al,100,SL,59.5265505900354,29.37235948888459
IT,CAGL,43.5475,12.6495,0.206,10,M,100,SL,47.2861152561332,2.7800126213064518
IT,CAN,41.2032,15.4754,0.297,17,Ucr,210,ACL,49.6319872008732,180.670049741307
IT,CAR,44.2473,9.6198,0.529,15,Sr,100,SL,7.22284590952573,6.417279776952238
RF,CARC,45.6526,13.77,0.0,3,Al,100,SL,0.058403489046746,4.0057438574776185
IT,CAT,37.4473,15.0463,0.025,3,Al,100,SL,3.58105204922135,33.00922855773914
IT,CCT,43.3683,12.2346,0.321,3,Al,100,SL,78.7838427718427,4.067259698795816
IT,CDCT,43.366,12.2363,0.309,3,Al,100,SL,78.9559869922687,20.923004736562344
IT,CDI1,37.5032,14.6473,0.716,12,Cr,100,SL,38.8110571682602,11.083654122568271
IT,CDM,42.0033,14.1994,0.809,17,Ucr,100,SL,39.7179693024287,4.760448540027265
IT,CDN,45.9643,12.9918,0.049,3,Al,100,SL,31.9284628256661,12.065502722707375
IT,CDS,41.7871,14.1119,0.938,6,Ssr,100,SL,61.237184149026,17.187407464103458
IT,CER,41.2595,15.9101,0.172,17,Ucr,100,SL,21.0208091684659,13.716632692577036
IT,CES,44.2103,12.3867,0.049,3,Al,100,SL,0.545463599084474,37.53644419193438
RF,CESC,46.3557,13.0572,0.355,4,Gd,300,FL,72.231597756343,28.7783808665308
IT,CEV,44.3842,8.0332,0.418,10,M,100,SL,33.0930462180627,50.375727789547526
IT,CFL,38.037,14.0232,0.11,12,Cr,230,GL,0.342370636310768,8.01343933476057
IX,CGG3,40.542,15.5225,1.067,12,Cr,230,GL,51.656042239455,101.39486967395928
IT,CHF,46.3887,13.4737,1.194,4,Gd,300,FL,65.07480793708,26.46566185383
HA,CHIE,46.2557,12.7376,0.399,12,Cr,100,SL,72.4857060725774,6.0771015892866815
IT,CHTI,42.3476,14.1635,0.383,16,Ccr,100,SL,13.5437183008169,0.773082656083143
IT,CIR,39.3877,17.0577,0.358,17,Ucr,100,SL,4.28727759267788,45.36053822184152
IT,CLA,46.2713,12.5141,0.68,12,Cr,100,SL,81.8673134248503,6.44095950909047
IT,CLF,43.0367,12.9204,0.701,3,Al,210,ACL,77.5158757504287,299.869581586209
IT,CLG1,37.2214,14.5182,0.546,17,Ucr,100,SL,28.7689774020126,56.38255884445115
IT,CLL,43.4787,11.2691,0.685,18,Ssr,100,SL,74.9709419272155,6.913379090226705
IT,CLM,40.4355,15.3834,0.703,6,Ssr,100,SL,37.8026936447627,8.414595984181
IT,CLN,42.0852,13.5207,0.801,3,Al,100,SL,72.7901927142515,49.50287133116962
IT,CLPS,41.522,14.3921,0.584,6,Ssr,100,SL,63.1086314741795,8.00694505191523
IT,CLS7,40.0095,15.974,0.718,12,Cr,100,SL,21.0507363329769,17.667603585690667
IT,CLT,40.8988,15.4388,0.611,6,Ssr,100,SL,59.3232562616512,1.1527988652943304
IX,CLT3,40.903,15.4043,0.525,16,Ccr,300,FL,57.3208635322711,1.7141931445378151
IT,CLV,37.8192,13.8902,0.64,10,M,100,SL,18.8865268963632,7.18149122442394
IT,CMA,39.4149,16.818,0.61,17,Ucr,100,SL,14.2335312509008,5.599776915770449
IT,CMB,41.5628,14.6524,0.711,17,Ucr,100,SL,55.3027580695759,28.841567110236834
IT,CME,43.9543,10.3012,0.385,14,Nsr,100,SL,9.44537496950021,4.170132614382934
IT,CMG,40.67,15.1018,0.418,12,Cr,210,ACL,21.4325473382532,21.466861605517405
IT,CML,40.7469,13.9012,0.169,11,Pr,100,SL,0.372874113415766,26.26077171309729
IT,CMM,41.8685,14.4496,1.117,6,Ssr,300,FL,34.3452246885949,11.228640483754672
IT,CMNZ,42.9508,13.4079,0.507,3,Al,100,SL,40.557500620853,51.387469305154674
IT,CMO,46.0941,13.5207,0.68,16,Ccr,100,SL,32.1791976860425,14.761494677496463
IX,CMP3,40.6519,15.0802,0.958,12,Cr,230,GL,18.748079014683,238.47175401049967
IT,CMR,41.8334,14.712,0.711,17,Ucr,100,SL,25.9363523424751,30.493104562678443
IT,CMRN,43.1392,13.0718,0.607,6,Ssr,100,SL,61.7867391316334,10.764448610228497
IT,CNC,41.0777,14.025,0.017,17,Ucr,100,SL,10.6339811591458,11.84996743111469
IT,CNF,44.1105,10.411,0.323,6,Ssr,100,SL,26.9567308738605,7.650764045389286
IT,CNG,45.8815,12.2881,0.066,3,Al,100,SL,50.9507317537414,4.198590970791793
IT,CNM,41.6182,15.1045,0.462,6,Ssr,100,SL,34.255893907701,6.747734609352039
IT,CNMT,42.4559,13.2303,0.871,3,Al,100,SL,69.98134176915,9.813927964463993
IT,CNO,43.1421,13.0792,0.615,17,Ucr,100,SL,61.2953939609681,77.4503514591228
IT,CNT,44.7234,11.2866,0.071,3,Al,100,SL,75.6125669745771,56.3025325677548
IT,CNTN,43.4729,12.6303,0.416,3,Al,100,SL,55.7138766675956,5.804035479544324
IX,COL3,40.6871,15.3304,1.026,12,Cr,230,GL,40.8547697600241,359.5124660206664
IT,CON,37.8138,13.308,0.698,12,Cr,100,SL,32.8992211622131,36.474823898472366
IT,COP,40.3782,16.0406,0.776,2,CM,100,SL,49.5557707046957,13.047414422948632
IT,COR,39.1179,16.38,0.841,15,Sr,300,FL,25.455830308129,17.07630171892994
IT,COS,39.289,16.2576,0.377,15,Sr,100,SL,17.5995905391321,7.581684606861279
IT,CPC,44.9214,11.8756,0.008,3,Al,210,ACL,32.4938612110752,68.43700567296233
IT,CPCA,41.8324,14.2637,1.302,6,Ssr,100,SL,50.7287209431921,9.477965162872009
IT,CPS,42.2716,13.7583,0.58,12,Cr,100,SL,43.5747396759427,40.10156308109741
IT,CPT,42.8274,12.9251,0.609,12,Cr,100,SL,98.4300537032437,13.825481763500203
IT,CRD,46.5248,12.1172,1.587,12,Cr,100,SL,123.661909383525,6.899364837759596
IT,CRG,46.2455,8.3335,0.54,14,Nsr,300,FL,204.661241034347,119.67754214926714
IT,CRI,44.7037,7.1543,1.573,15,Sr,100,SL,106.472985885573,18.021616342211573
IT,CRL,37.813,13.307,0.612,6,Ssr,100,SL,33.0076821936644,0.2428770689246975
IT,CRN,39.0777,17.1113,0.026,17,Ucr,100,SL,1.26832412284386,13.93335332336825
IT,CRO,43.2678,11.9805,0.372,6,Ssr,100,SL,101.799051313512,12.68254894910631
IT,CRP,44.7823,10.8703,0.089,3,Al,100,SL,107.325894442304,0.9514262110130216
IT,CRR,44.09,10.105,0.216,14,Nsr,100,SL,7.67088623586966,22.602843557954543
IT,CRV,40.7095,17.6522,0.152,12,Cr,220,PCL,6.79768827441264,46.58882482709
IT,CSA,43.008,12.5906,0.196,3,Al,100,SL,96.0301243411556,12.9944565111911
IT,CSA7,40.1619,15.9908,1.018,18,Ssr,100,SL,31.1487408085504,2.805210088905732
IT,CSAN,42.9003,13.1453,0.731,17,Ucr,230,GL,62.1830049911527,34.10993149712704
IT,CSC,42.719,13.0122,0.683,10,M,100,SL,76.3880527180749,19.979596612798133
IT,CSD,42.754,12.0035,0.494,17,Ucr,100,SL,59.4816412601249,7.936504281282568
IT,CSG,38.0171,12.8837,0.167,12,Cr,100,SL,1.10842437242819,21.70924333441266
IX,CSG3,40.8181,15.4633,1.253,6,Ssr,230,GL,56.3025173618189,78.90727122600451
IT,CSL,40.6323,16.9283,0.263,17,Ucr,100,SL,16.2736764805651,3.349834181921981
IT,CSM,37.5404,13.6273,0.8,5,E,210,ACL,28.9129554112318,27.01291349303233
IT,CSN,44.137,12.2414,0.095,6,Ssr,100,SL,14.9880479720885,22.12211562624176
IT,CSO1,42.1009,13.088,0.68,6,Ssr,100,SL,79.0862964662374,3.668466601638691
IT,CSP,44.3784,11.5801,0.088,3,Al,100,SL,57.7130755079431,64.7376441612566
IT,CSS,41.4858,13.8231,0.175,12,Cr,100,SL,27.6341485706995,29.51033740327192
IT,CST,45.6595,11.9023,0.487,3,Al,210,ACL,47.4538559282132,14.726937355608383
IT,CTD,42.3884,12.9477,0.484,12,Cr,100,SL,93.1101422482225,69.3279482137013
IT,CTL,43.955,12.7358,0.062,17,Ucr,100,SL,1.48441061890692,70.40360814852899
IT,CTN,38.9171,16.5849,0.432,16,Ccr,100,SL,10.7220790023205,7.353974531006235
IT,CTRL,42.5978,13.1626,0.844,3,Al,210,ACL,70.7677707153803,13.869963853887004
IT,CTS,43.4919,12.2233,0.303,3,Al,100,SL,67.7783451961896,19.18610274909873
IT,CTU,37.8232,13.8904,0.703,10,M,100,SL,18.4573540260979,46.968792986489696
IT,CTV,38.3498,16.0804,0.468,17,Ucr,100,SL,19.5009293687217,4.519632520439404
IT,CTZ,38.9407,16.5851,0.452,16,Ccr,100,SL,13.2222046095154,26.424873452293586
IT,CUN,44.4165,7.536,0.568,3,Al,210,ACL,69.3635048894336,4.33750851274754
IT,CVD,46.0888,13.3998,0.13,3,Al,100,SL,33.2319883783652,19.24317438067937
IT,CVF,46.0918,13.429,0.177,3,Al,300,FL,32.9200754001386,4.291531583574503
IT,CVL,39.8168,16.1947,0.484,12,Cr,230,GL,25.2519991819897,15.24012235735558
IT,CVM,42.9941,11.2822,0.351,14,Nsr,100,SL,39.6625210106797,19.069759254856358
IT,CVT,44.0061,11.9368,0.228,6,Ssr,100,SL,43.8312754353116,10.026210387612757
IT,DANT,46.5675,12.5199,1.453,6,Ssr,230,GL,110.113103404088,8.836263760392695
IT,DCM,43.8912,11.518,0.2,17,Ucr,100,SL,79.3397277711824,21.71028768487617
IT,DMD,46.0962,8.2351,1.748,14,Nsr,230,GL,189.761468944893,39.3988022952511
IT,DMN,44.3151,7.271,0.768,3,Al,100,SL,62.5186695019903,32.91802377501635
IT,DNMM,38.5126,16.1705,0.653,17,Ucr,100,SL,22.8689902973467,19.172294524242865
IT,DRN,46.1666,13.6417,0.784,6,Ssr,300,FL,41.0878425732516,5.147265517141209
IT,DSG,45.4591,10.5575,0.13,4,Gd,100,SL,162.630534445844,3.9434176553001024
NI,DST2,45.6589,13.8013,0.08,6,Ssr,100,SL,2.56813478243905,9.388697859936174
IT,DUR,41.6611,14.4565,0.941,2,CM,100,SL,52.8720493540481,223.55214561295725
IT,EBO,40.5241,15.0028,0.027,3,Al,100,SL,6.89895755913033,31.80725243601219
IT,ERI,38.0395,12.5791,0.659,12,Cr,300,FL,2.54595007836798,51.06557810318711
IT,FAG,46.098,13.0914,0.185,3,Al,100,SL,43.5136614351299,53.47095438534237
IT,FAV,37.9271,12.3258,0.06,16,Ccr,100,SL,0.261693447922084,13.331543146001412
IT,FAZ,44.298,11.8907,0.072,3,Al,100,SL,36.3998707800831,7.64040470753767
IT,FBR,43.3436,12.9119,0.0315,3,Al,100,SL,50.0306220666523,8.553274430436497
IT,FDF,38.7891,16.3,0.653,15,Sr,100,SL,7.9061341677595,66.31005361176194
IT,FDS,46.4513,12.5627,1.795,12,Cr,230,GL,96.7916126361269,15.86616661361828
IT,FEN,41.6925,13.256,0.42,6,Ssr,100,SL,43.925896785527,30.964994365347746
IT,FGV,43.6014,11.4116,0.344,6,Ssr,100,SL,92.7143010359276,13.426818699282776
IT,FIC,44.9538,11.4517,0.057,3,Al,100,SL,65.597117295617,31.47692994341373
IT,FIE,43.8072,11.2944,0.348,6,Ssr,100,SL,86.1503651320825,2.522609680905405
IT,FLP,46.0266,11.9225,0.294,3,Al,210,ACL,76.5862611238545,10.69928687427991
IT,FLT,41.8933,13.3254,1.087,12,Cr,100,SL,66.23487699257,21.284655620124955
IT,FMG,42.268,13.1172,1.073,17,Ucr,230,GL,97.6010101164396,2.083885589456294
IT,FMNT,43.1836,12.9381,0.493,3,Al,100,SL,62.7133542640987,114.44259851989568
IT,FMT,43.188,12.9332,0.497,3,Al,100,SL,62.4266756816532,20.877666552420788
IT,FOC,43.0263,12.8965,0.821,3,Al,100,SL,79.5355724487107,73.56652306852266
IT,FOCC,42.9574,12.7079,0.283,3,Al,100,SL,94.1168227024243,30.68466769250328
IT,FOGG,41.4589,15.5562,0.063,3,Al,100,SL,30.2849973261397,21.57572681974552
IT,FOPC,42.9697,12.7031,0.3,3,Al,100,SL,93.0651198490712,23.541805687160007
IT,FOR,44.1994,12.0419,0.077,3,Al,100,SL,26.5871112878644,11.154761583228437
IT,FOS,43.0146,12.8351,0.965,12,Cr,100,SL,83.2749717515923,0.1962650626056659
IT,FRE,44.1214,11.3978,0.454,6,Ssr,100,SL,80.394423291511,7.8379706107897
IT,FRN,44.6868,10.1072,0.28,3,Al,300,FL,67.2386544074693,16.655294585092484
IT,FRR,38.0515,16.1325,0.025,2,CM,100,SL,1.12503407703941,8.417580654405745
IT,FRZ,38.0379,16.0874,0.472,16,Ccr,100,SL,4.9853443267398,8.60238153925875
IT,FRZN,43.7934,11.2223,0.09,3,Al,100,SL,80.7346898211537,26.93367605441342
IT,FSS,43.6905,12.8101,0.138,3,Al,100,SL,26.1890020140083,7.760508044699128
IT,FVZ,44.2382,10.1311,0.428,12,Cr,100,SL,23.8848506588312,0.7843012845387043
IT,FZE,43.7787,11.2581,0.108,3,Al,100,SL,81.8617770007948,48.86855421452685
IT,GAI,45.6592,10.6162,0.4,4,Gd,220,PCL,185.266102991955,6.085593660920818
IT,GBB,43.3569,12.5972,0.754,10,M,300,FL,68.8636680627695,3.889672970840929
IT,GBC,43.3553,12.5726,0.526,3,Al,100,SL,69.4584304591149,12.036578738553612
IT,GBL,37.7961,12.9142,0.687,5,E,300,FL,24.282097337727,11.26225851184386
IT,GBP,43.3138,12.5894,0.426,3,Al,100,SL,73.6912826690333,4.308859166898813
IT,GBSL,43.3558,12.5717,0.515,3,Al,100,SL,69.4171573906248,9.8286582321299
IT,GDFR,41.8034,14.7971,0.299,6,Ssr,100,SL,25.9689581546563,16.56254736849573
IT,GEA,37.0562,14.3146,0.062,17,Ucr,100,SL,2.75751240813948,7.476928089024118
RF,GEDE,46.2544,13.1247,0.232,17,Ucr,210,ACL,60.4767458533374,57.42672940108378
IT,GEL,37.0846,14.2691,0.023,3,Al,100,SL,3.04216365499146,24.44955739004229
RF,GEPF,46.2752,13.1385,0.255,17,Ucr,100,SL,62.7133563774218,2.3084166984643555
RF,GESC,46.2819,13.1409,0.373,17,Ucr,100,SL,63.4469160405038,5.038254276704699
IT,GLD,41.509,14.7566,0.772,12,Cr,210,ACL,58.1824268009314,32.38401628107079
IT,GLNS,41.912,14.9182,0.346,16,Ccr,100,SL,11.4771543223271,33.73102656684304
IT,GLT,43.2331,12.789,0.607,17,Ucr,100,SL,66.1932357736552,19.960183029615425
IT,GMB,38.1666,15.8363,1.329,15,Sr,100,SL,12.7899215307748,30.207786522452636
IT,GNL,40.8433,16.0331,0.63,17,Ucr,100,SL,57.4615937321686,12.08326764504798
IT,GNU,42.8038,12.5702,1.085,12,Cr,100,SL,104.055479590514,5.946171507599045
IT,GNV,44.4317,8.932,0.419,12,Cr,100,SL,2.05017422768135,15.731990154889903
RF,GORI,45.9403,13.6308,0.141,10,M,100,SL,16.9602094730324,8.860285970935871
IT,GRA,46.149,9.3061,0.291,3,Al,210,ACL,195.121299899853,34.292363839250235
IT,GRD,42.1785,14.1798,0.701,3,Al,100,SL,27.9222580861822,5.086353427939273
IT,GRM,40.3102,15.886,0.586,16,Ccr,210,ACL,35.8476702771382,64.88166990797639
IT,GRN,41.8134,13.3169,1.206,12,Cr,100,SL,57.3348360301536,3.234659342018068
IT,GRO,40.6002,16.3856,0.489,16,Ccr,100,SL,47.4044723593382,7.979348023436541
IT,GRS,45.369,7.281,1.081,17,Ucr,100,SL,157.43603821329,13.536843237744431
IT,GSA,42.4207,13.5194,1.063,17,Ucr,210,ACL,50.4808350660481,115.99526413784646
IT,GSG,42.459,13.55,0.777,10,M,230,GL,45.8828895749637,148.67944895741996
IT,GSM,38.172,14.8985,0.147,13,Ir,220,PCL,0.525283215443752,4.9122059036236125
IT,GSN,41.3072,14.4461,0.288,17,Ucr,300,FL,53.6093003402707,162.42256873842828
IT,GSS,40.6316,16.2791,0.512,17,Ucr,100,SL,56.5452095091238,6.948635440632145
IT,GTR,38.4484,15.918,0.038,17,Ucr,220,PCL,1.76526390372936,10.974464973775548
HA,INVI,46.4011,12.9008,0.35,3,Al,300,FL,80.119958890938,144.20643631903178
IT,ISD,45.2733,10.9602,0.04,3,Al,100,SL,104.889279446717,150.6569474763063
IT,ISG,42.5041,13.6497,0.445,3,Al,100,SL,36.3222684335079,34.994746442874536
IT,ISI,36.7977,14.8923,0.277,12,Cr,210,ACL,7.47282749077603,9.95739725745789
IT,ISNH,41.5837,14.2231,0.397,12,Cr,100,SL,56.4394198608393,16.479408136985942
IT,ISR,41.6106,14.2359,0.54,12,Cr,100,SL,59.3931007879794,22.023857776410043
IT,ITR,41.279,13.5193,0.221,17,Ucr,100,SL,5.54466630695037,11.020233698927072
IT,IVR,45.47,7.8822,0.31,13,Ir,100,SL,136.230709856717,4.857391602493331
IT,JESI,43.5292,13.2289,0.134,3,Al,100,SL,16.927621562103,35.4735574029963
IT,KRT,39.0698,17.1278,0.022,17,Ucr,100,SL,0.258999325664899,31.510592658103374
IT,LCA,37.1143,13.9124,0.015,3,Al,100,SL,1.76469206125223,47.64289080605468
IT,LCC,43.8446,10.5112,0.078,3,Al,100,SL,20.6104185120459,33.36874946236551
IT,LCCE,40.3559,18.1996,0.08,12,Cr,100,SL,9.11430011754172,0.7747206487620137
IT,LDP,42.0392,14.1826,0.766,16,Ccr,210,ACL,37.1595904525689,18.363247908278
IT,LDR,43.1147,10.9026,0.605,12,Cr,100,SL,24.831073536666,11.907189229916144
IT,LEC,45.8612,9.4122,0.231,12,Cr,100,SL,167.112674722801,32.957924147772424
IT,LGN,40.131,15.7585,0.803,2,CM,100,SL,13.196917729543,9.413713341965831
IX,LGS3,40.9865,14.9906,0.413,16,Ccr,100,SL,39.5823909042631,26.983031042901843
IT,LIC,37.1053,13.9074,0.197,12,Cr,340,OL,0.929666069966188,184.3011282205629
IX,LIO3,40.8969,15.1804,0.737,6,Ssr,210,ACL,42.084351931694,108.46359700158006
IT,LMZ,38.9187,16.2527,0.063,3,Al,100,SL,2.93075200035846,4.418174117942415
IT,LNG,44.6553,10.3133,0.203,3,Al,100,SL,72.4709972391766,1.3664775192881966
IT,LNT,37.2884,15.0022,0.117,12,Cr,100,SL,9.21109222265246,1.0096753256557278
IT,LPR1,38.4695,14.9569,0.063,9,Lb,100,SL,0.0303205793191787,20.450888446579903
IT,LRG,40.0218,15.8908,0.756,17,Ucr,100,SL,15.5034036007037,35.36886548435964
IT,LRNO,41.8066,14.9201,0.409,17,Ucr,100,SL,21.4926659929541,31.91993488948584
IT,LRS,40.0466,15.8348,0.44,12,Cr,100,SL,12.692929916181,12.122027988567746
IT,LSN,41.8526,15.3601,0.018,3,Al,210,ACL,5.5833890311132,39.79012894849152
IT,LSP,44.0961,9.8079,0.107,12,Cr,100,SL,0.679497125169959,57.12538151019987
IT,LSS,42.5582,12.9689,1.067,12,Cr,300,FL,86.6783933080112,4.9404998012171815
IT,LTA,41.4725,12.9068,0.032,17,Ucr,100,SL,8.05276579604771,12.736951097666676
IT,LTR,40.0876,16.0094,0.882,15,Sr,100,SL,28.9664032739859,11.676789817716122
IT,LTSN,45.7929,13.0191,0.052,3,Al,100,SL,15.874756514837,21.575438025861757
IT,LUI,45.9991,8.7842,0.461,14,Nsr,300,FL,174.725140729314,17.724454034028934
IT,LVN1,40.7842,15.3046,0.56,12,Cr,210,ACL,42.7336882847122,24.007202976637217
IT,LVNO,43.5538,10.3204,0.06,20,B,100,SL,1.37769418620149,19.715356915009107
IT,LVO,43.5408,10.3173,0.078,20,B,100,SL,1.18668472217822,16.168460809656484
IT,LVR,43.4999,10.4126,0.294,15,Sr,100,SL,6.08854146113347,15.898477356625865
IT,MAI,46.1853,13.0692,0.176,3,Al,100,SL,53.3675515080561,24.784361291227427
IT,MAJ,46.1822,13.0689,0.223,3,Al,100,SL,53.031762973372,31.12053656634805
IT,MAR,40.675,16.582,0.412,12,Cr,100,SL,38.4661171870881,2.1316098096833547
RF,MASA,46.1722,13.4313,0.693,6,Ssr,100,SL,41.6048676077305,32.15816838855672
IT,MAZ,37.6718,12.6108,0.094,16,Ccr,230,GL,2.62037214027903,61.7573507141843
IT,MCA,39.0774,16.7897,0.45,13,Ir,100,SL,18.4408817110229,12.169865010658963
IT,MCLF,41.9016,14.8374,0.397,5,E,100,SL,14.4282924691119,26.327084657059107
IT,MCN,41.3393,14.6635,0.667,12,Cr,100,SL,64.106787546334,27.07124700323132
IT,MCR,43.7998,12.4475,0.303,3,Al,100,SL,29.0987695290051,4.576717943340754
IT,MCS,43.9937,12.1067,0.249,16,Ccr,300,FL,33.424142475167,30.973770566199185
IT,MCT,43.2925,13.4189,0.349,17,Ucr,100,SL,24.4945756203095,13.932832197576165
IT,MDC,44.4855,11.6404,0.026,3,Al,100,SL,52.6605291806485,10.630914357927123
IT,MDG,44.1592,11.7885,0.187,3,Al,100,SL,47.9723270518598,23.33920724788796
IT,MDN,44.646,10.8899,0.08,3,Al,100,SL,96.6937562222792,6.595893575844255
IT,MDT,44.135,11.8297,0.571,6,Ssr,100,SL,46.1391487378713,8.376004801317045
IT,MFG,38.1888,15.5406,0.196,15,Sr,100,SL,1.48770279789912,46.41387112819143
IT,MLBT,45.6323,10.0993,0.281,16,Ccr,100,SL,162.166439374966,47.0159819907573
IT,MLC,45.8079,10.8485,0.098,3,Al,100,SL,127.652055826551,4.8514695387197495
IT,MLD,44.1184,12.071,0.116,16,Ccr,220,PCL,28.0993760335569,18.144782783433865
IT,MLF,40.9971,15.6459,0.572,17,Ucr,100,SL,57.6299395003922,9.448847469050207
IT,MLR,40.2402,15.8631,0.85,17,Ucr,100,SL,28.2529236342514,26.416403994816704
IT,MMP1,42.2492,12.7483,0.471,12,Cr,100,SL,70.3768980869743,0.9028177341811628
IT,MMR7,40.297,15.9887,0.693,16,Ccr,100,SL,39.820692343657,23.289558673133268
IT,MND,41.6396,15.8907,0.067,12,Cr,100,SL,2.59092121604942,83.2091927729706
IT,MNF,43.0596,13.1844,0.644,10,M,300,FL,52.7541878253408,13.907104662163066
IT,MNG,41.7032,15.959,0.808,12,Cr,100,SL,5.3684462193988,9.694893884739336
IT,MNN,41.6342,15.9113,0.083,12,Cr,100,SL,0.990486111072157,19.577085503165296
IT,MNOV,45.1452,10.7882,0.074,3,Al,100,SL,137.42037696389,13.978586655077342
IT,MNS,45.2517,11.7221,0.014,3,Al,100,SL,45.0534527794591,0.8455586317118705
IT,MNT,43.1396,11.1827,0.371,14,Nsr,100,SL,48.5101003844455,1.3134010371369091
IX,MNT3,40.837,15.0067,0.866,12,Cr,300,FL,26.8572061768289,7.665761696872715
RF,MNTB,45.7684,12.0577,0.109,3,Al,100,SL,46.6171366559959,62.133647078321104
IT,MODG,41.1087,16.7663,0.07,12,Cr,100,SL,4.88620744506369,90.98697154059084
IT,MOG,44.1703,11.7669,0.511,6,Ssr,100,SL,49.1717769905762,0.1211580656619216
RF,MOGG,46.4048,13.1885,0.371,12,Cr,300,FL,76.3014039761227,9.498407926642658
RF,MONF,45.8113,13.5356,0.038,12,Cr,230,GL,0.749516831485127,37.29266522742887
RF,MORT,46.398,12.702,0.807,12,Cr,300,FL,88.5379277108884,30.22121155952932
IT,MOV,46.1551,12.6551,0.373,3,Al,300,FL,63.2281920012665,26.004168935830855
IT,MPCD,40.7944,14.0552,0.088,11,Pr,100,SL,0.660692573431192,5.858643218661216
IT,MRA,39.9871,15.7309,0.534,15,Sr,210,ACL,1.42182526143778,11.385424106484727
IT,MRC,41.3444,14.6941,0.41,17,Ucr,100,SL,68.697007586178,5.322028566001939
IT,MRH,41.3424,16.1938,0.014,3,Al,100,SL,1.9738382265709,41.07867900586291
IT,MRL,40.7582,15.4785,0.775,12,Cr,100,SL,55.6272074509017,1.7228768183998235
IT,MRM,39.8832,15.9895,0.918,12,Cr,100,SL,17.0807306158343,38.04647543662078
IT,MRN,44.8782,11.0617,0.015,3,Al,100,SL,94.7758733591619,19.6550722127654
IX,MRN3,40.4256,15.7296,0.772,17,Ucr,100,SL,40.0258219406742,45.34036409810048
IT,MRNO,46.6536,11.1544,0.341,3,Al,100,SL,167.230641945985,79.42182924486718
IT,MRR,44.0641,11.6033,0.369,6,Ssr,100,SL,65.953442340497,5.076233726179496
IT,MRT,40.7901,14.7529,0.164,12,Cr,210,ACL,12.4750000733047,39.87762385029872
IT,MRV,40.3613,15.8265,0.745,12,Cr,100,SL,36.1990561133339,10.799829346353585
IT,MRZ,44.3614,11.1901,0.456,6,Ssr,100,SL,93.8517401142389,5.782700951558562
IT,MSA,37.7563,12.5156,0.082,16,Ccr,230,GL,4.15193682183483,153.37900552398145
IT,MSC,42.5268,13.3508,1.335,6,Ssr,100,SL,57.4801191202478,7.937632885493663
IT,MSR,39.0768,16.7897,0.458,13,Ir,100,SL,18.3758771225676,7.998867677744418
IT,MST,37.9261,14.3635,0.921,6,Ssr,100,SL,9.82472377074938,11.461420003021312
IT,MTC,41.4908,13.815,0.507,12,Cr,100,SL,27.9264819294282,0.5619521855151947
IT,MTCL,42.9939,12.9994,0.66,12,Cr,300,FL,78.9639268634098,48.81389189125701
IT,MTGG,43.1255,13.5418,0.384,17,Ucr,100,SL,23.2210927709239,8.577953731757644
IT,MTL,43.2494,13.0083,0.376,3,Al,100,SL,53.2868922716349,5.181868984203902
IT,MTPR,40.7949,14.0551,0.089,11,Pr,100,SL,0.715148976640974,4.450863026681461
IT,MTR,42.524,13.2448,0.974,6,Ssr,100,SL,65.2306388737994,21.91986635562828
IT,MTV,43.5333,11.5585,0.151,3,Al,100,SL,101.673297507749,7.020369904580591
IT,MTVA,45.1579,10.7849,0.035,3,Al,100,SL,138.568988437109,48.79758981119324
IT,MVB,42.9619,12.257,0.363,6,Ssr,100,SL,90.578567193413,14.427150658898848
IT,MVMN,42.5809,13.6233,0.317,3,Al,210,ACL,34.7405243121037,17.156090821794493
IT,MVO,42.5812,13.6246,0.386,3,Al,100,SL,34.6354514481981,11.861235555188967
IT,MZR,37.6536,12.6113,0.029,16,Ccr,100,SL,1.40888279149091,14.981750133981082
IT,MZZ,38.2341,15.2451,0.11,17,Ucr,100,SL,0.388012687518079,4.524151393660212
IT,NAD,40.8717,14.28,0.146,11,Pr,100,SL,3.04243772711289,45.45685521724733
IT,NAP,40.7992,14.1796,0.203,9,Lb,100,SL,0.268639592163026,6.381521053196981
IX,NAPI,40.84,14.18,0.12,11,Pr,100,SL,3.12635555666028,7.788073242243547
IT,NAS,38.1183,14.7863,0.514,6,Ssr,100,SL,3.67063237614606,2.371088055126778
IT,NCH,38.9621,16.3151,0.178,17,Ucr,100,SL,9.55553485208594,38.59332064143669
IT,NCIA,42.7916,13.0923,0.631,17,Ucr,100,SL,67.8121388904858,4.14614733552186
IT,NCO,38.5531,15.938,0.269,13,Ir,100,SL,0.881380119657186,20.61972351667456
IT,NCR,43.1115,12.7845,0.492,6,Ssr,100,SL,76.01786449931,18.171972517692357
IT,NCS,37.7492,14.4013,0.793,6,Ssr,100,SL,29.6466371420245,61.68439001075087
RF,NERV,45.8252,12.2091,0.09,3,Al,100,SL,46.3889875060555,17.395084773443614
IT,NOR,42.7924,13.0924,0.661,3,Al,100,SL,67.7709352433874,0.6473169635475206
IT,NRC,42.7925,13.0964,0.616,3,Al,100,SL,67.4638350927296,17.861355088060673
IT,NRN,42.5155,12.5194,0.306,12,Cr,100,SL,73.2437751541301,9.55763034555434
IT,NSA,37.7667,14.411,0.875,6,Ssr,100,SL,27.8646348967114,63.21862440823237
IT,NSC,37.151,14.3915,0.339,17,Ucr,100,SL,15.3019053607609,3.920691757437769
IX,NSC3,40.8468,15.1222,1.3,17,Ucr,300,FL,34.6683374348323,40.5659087967533
IT,NTE,36.9095,15.0692,0.211,12,Cr,100,SL,7.11601339775553,84.81417035251502
IT,NVG,44.7585,8.7711,0.27,3,Al,100,SL,36.8554818618071,44.129449309182746
IT,NVL,44.843,10.7315,0.022,3,Al,100,SL,106.062798214873,26.93704192628977
IT,NVR1,38.0124,15.1288,0.754,6,Ssr,100,SL,12.4140363546884,7.010725306765342
IT,NZZ,44.7804,8.3561,0.161,17,Ucr,220,PCL,50.0671188269431,9.018344269418767
IT,OPI,41.7763,13.8302,1.17,3,Al,230,GL,58.9228976412675,42.983944114737774
IT,ORC,41.9536,13.6423,0.733,12,Cr,100,SL,76.9359613938797,7.347214028468692
IT,ORP,41.2792,15.2649,0.717,16,Ccr,100,SL,69.790538965694,0.6225105960421888
IT,ORS,39.798,15.9066,0.13,3,Al,100,SL,10.0761829296884,9.456636673291657
IT,OVAR,46.4847,12.8647,0.581,17,Ucr,100,SL,89.8117426653594,7.988476058951822
IT,OVD,44.6366,8.6423,0.235,3,Al,100,SL,25.2259741543109,29.92488075966396
NI,PALA,46.2453,12.9235,1.28,12,Cr,300,FL,62.9650410397683,6.113801136308521
RF,PALM,45.911,13.3339,0.097,17,Ucr,100,SL,22.5028432828732,36.72389441461608
IT,PAN,43.0058,12.1436,0.334,6,Ssr,100,SL,89.3417495528505,3.4995811432220907
IT,PAR,44.8289,10.2793,0.091,3,Al,100,SL,89.2985768448567,20.90566847014443
IT,PAS,45.8515,12.629,0.044,3,Al,100,SL,35.0833488549227,68.95176853940445
RF,PAUL,46.5302,13.1162,0.64,3,Al,100,SL,90.6736861563633,39.53314996369765
IT,PBN,43.0637,13.0821,0.503,3,Al,100,SL,69.0529730387111,14.771840253850373
IT,PCB,42.558,13.338,1.315,6,Ssr,100,SL,56.7027833101156,18.831982665340607
IT,PCH,36.7119,15.0915,0.071,9,Lb,100,SL,2.6039010019456,16.716518101047246
IT,PDM,41.3553,14.3853,0.341,17,Ucr,220,PCL,57.4724417886298,0.3724773563914085
IT,PENN,42.4529,13.9234,0.429,6,Ssr,100,SL,20.4219294858952,30.37042005407849
IT,PGA,40.5686,15.7788,1.018,18,Ssr,100,SL,56.4374786592076,21.06309880133757
IT,PGG,42.3229,13.5394,0.769,17,Ucr,100,SL,56.3274162581232,9.19290098758575
IT,PGN,41.4524,13.7916,0.074,17,Ucr,100,SL,23.2149544073599,10.834376608882463
IX,PGN3,40.5722,15.7967,0.882,12,Cr,230,GL,57.1944684552457,14.399455219504343
IT,PIBC,43.5878,12.5135,0.351,3,Al,100,SL,46.0693955996516,39.2338617564218
IT,PIC,42.8503,11.6849,0.823,11,Pr,100,SL,55.3868443991455,16.46839505072998
IT,PIE,40.7479,15.8824,0.862,6,Ssr,100,SL,73.2388239816744,4.209266355825124
IT,PIT,43.9896,10.9445,0.537,6,Ssr,100,SL,58.5279844625756,66.80725223801828
IT,PLC,40.183,16.6599,0.036,3,Al,100,SL,4.13652868427734,3.5646210555473625
IT,PLP,45.8294,6.9829,1.592,4,Gd,230,GL,231.349917252303,5.743821219748799
IT,PLR,38.1509,13.3425,0.093,16,Ccr,100,SL,2.56465350461856,55.877110979425886
IT,PLS,42.0835,12.7626,0.278,12,Cr,220,PCL,56.035637472471,20.441512259732956
IT,PLT,39.0022,16.3192,0.716,15,Sr,100,SL,12.3874204129938,1.5969502135220797
IT,PLTA,41.8864,14.7893,0.486,6,Ssr,100,SL,17.6037414544528,22.81697352867945
IT,PLZ,37.0682,14.9097,0.678,12,Cr,100,SL,27.5881541537126,12.928390788623274
IT,PLZA,46.5295,13.0155,0.609,3,Al,100,SL,91.8094623190457,18.290825342591933
IT,PNA,37.9971,13.2867,0.758,18,Ssr,100,SL,15.2810973404749,19.56889394494742
IT,PNAL,46.1729,12.2987,0.462,12,Cr,100,SL,81.6451604239528,7.941612394670206
IT,PNC,42.8474,11.6935,0.754,17,Ucr,100,SL,56.5151691735908,12.901778504805486
IT,PNI,39.158,16.4126,0.922,15,Sr,210,ACL,30.7202983480602,54.002117890349965
IT,PNM,44.3799,9.8816,0.339,3,Al,100,SL,30.0691581374982,18.09415709325214
IT,PNN,43.8181,12.2628,0.525,12,Cr,230,GL,38.3152867245379,11.919037819030176
IT,PNR,44.8758,7.3441,0.372,3,Al,100,SL,121.733363374447,99.06049429915396
IT,POL,39.37,16.0445,0.228,17,Ucr,220,PCL,1.58720910402443,22.036560158098546
NI,POLC,46.0266,12.5005,0.15,16,Ccr,300,FL,58.7930471642453,34.81782319041066
IT,PON,46.5072,13.3048,0.58,3,Al,100,SL,80.0556078212017,12.715379882165609
RF,POR,45.9524,12.6808,0.094,3,Al,100,SL,43.4154883312146,49.56386787685905
IT,POT7,40.6501,15.801,0.817,17,Ucr,100,SL,65.6773002572923,27.604063373516095
IT,POZS,40.8288,14.13,0.093,11,Pr,100,SL,0.887716017905365,33.70783230527622
IT,POZT,40.8215,14.1217,0.057,11,Pr,100,SL,0.106257825154539,16.064490171842095
IT,PPL1,36.6857,15.1328,0.083,12,Cr,210,ACL,0.431037458199058,56.84849492260102
IT,PRA,39.902,15.7854,0.029,3,Al,100,SL,0.956781552816073,15.444154007040268
RF,PRAD,46.2476,12.8873,0.586,12,Cr,100,SL,64.2745525046038,27.22399248130609
IT,PRG,43.111,12.3251,0.43,10,M,100,SL,100.956653700947,19.07438030328204
IT,PRGL,43.5451,12.836,0.258,3,Al,100,SL,37.0522341431796,6.952143050178731
IT,PRGP,43.1116,12.3882,0.43,17,Ucr,100,SL,99.410230347191,2.9578622917446027
IT,PRM,43.9792,11.7814,0.45,6,Ssr,100,SL,55.9890384585256,13.007256244596965
IT,PRT,44.1496,10.926,0.862,13,Ir,230,GL,63.3131765787857,10.464132555516828
IT,PRZ,41.3804,14.112,0.133,17,Ucr,210,ACL,33.4329967283265,2.6619976820769327
IT,PSC,41.812,13.7892,1.241,3,Al,340,OL,62.3565356662492,14.2454655886538
IT,PSCZ,41.89,14.0663,1.422,12,Cr,100,SL,56.2937655917715,5.69824795341666
IT,PSR,45.9493,13.0141,0.08,3,Al,100,SL,29.7417839565671,18.59498573430788
IX,PST3,40.5609,15.2433,0.762,17,Ucr,210,ACL,26.7808096412216,82.75697815765302
IT,PSTA,43.9303,10.9213,0.103,3,Al,100,SL,55.495269468701,11.008780685535298
IT,PTA,43.9303,10.9218,0.146,3,Al,100,SL,55.5330314493894,4.563231566654066
IT,PTC,40.3887,16.5611,0.386,17,Ucr,210,ACL,22.2526475949848,0.925847582676657
IT,PTF,41.6963,14.7024,0.661,2,CM,100,SL,40.075552661525,37.81097296090464
IT,PTI,43.0665,13.657,0.294,17,Ucr,100,SL,15.782436216394,9.244461951636415
IT,PTL,43.4273,12.4485,0.688,6,Ssr,210,ACL,64.4525409838963,1.932451279761056
IT,PTR,37.562,14.9077,0.24,9,Lb,100,SL,17.5441496574053,1.0479573883833275
IT,PTT,38.1343,14.9751,0.135,12,Cr,100,SL,1.81728402796378,20.92129475729
IT,PTV,45.2741,10.0879,0.055,3,Al,100,SL,130.693895298574,7.784687963242406
IT,PTZ,40.6482,15.8081,0.773,17,Ucr,100,SL,65.6118499090041,0.8286801504415209
NI,PURA,46.4258,12.7419,1.42,12,Cr,300,FL,91.058358537177,17.393690381124422
IT,PVC,46.417,12.3735,0.857,12,Cr,100,SL,103.280645209455,36.59203382048549
IT,PVF,44.333,10.8252,0.743,6,Ssr,230,GL,68.7989373758412,37.16053128889489
IT,PVS,43.6695,12.0436,0.44,18,Ssr,100,SL,63.7092710739364,7.741653906945708
IT,PVT,44.0405,7.9228,0.311,6,Ssr,210,ACL,20.2330328068464,74.6656299993732
IT,PZI1,42.4356,13.3262,0.908,12,Cr,230,GL,64.0415518580023,6.131394580957474
IT,PZS,44.1885,10.2886,0.659,15,Sr,100,SL,26.0655905055877,172.13963568719208
IT,PZZ,41.6735,14.0358,0.738,6,Ssr,300,FL,54.569709463301,24.03728574603575
IT,RCC,41.2886,13.9803,0.636,17,Ucr,100,SL,18.460516220814,7.453632885730553
RR,RCCR,41.8393,14.0852,1.264,12,Cr,100,SL,57.7344471202592,4.227510605716261
IT,RCG,42.2922,12.2061,0.487,11,Pr,220,PCL,37.4144641046421,8.911524978801419
IT,RCI,38.4251,16.4619,0.021,2,CM,220,PCL,7.2770433897823,15.570995797371022
IT,RCU,38.1214,15.6662,0.128,3,Al,100,SL,1.26573451751407,23.444452767923853
IT,RDD,43.4905,11.3855,0.476,18,Ssr,100,SL,81.5824197388269,4.57361603137559
IT,RDG,41.9263,15.8791,0.098,12,Cr,100,SL,0.323201527394473,8.192777818309098
IX,RDM3,40.8755,15.5361,0.784,16,Ccr,210,ACL,64.8239980619676,11.171961072554152
IT,REA,46.1499,13.2433,0.215,3,Al,100,SL,47.8390465878073,26.95963267268216
IT,RGS,36.9248,14.7032,0.676,12,Cr,100,SL,18.8877092730448,5.121626898511381
IT,RIC,41.4827,14.8377,0.768,17,Ucr,100,SL,54.894660850757,15.98801632251363
IT,RIEM,42.4011,12.8597,0.446,12,Cr,100,SL,81.0829849563642,13.268178252141912
IT,RIEP,42.3983,12.862,0.46,3,Al,100,SL,80.9955858324859,24.956591963988537
IT,RIEV,42.4341,12.9129,0.518,17,Ucr,100,SL,94.8070530296773,16.430682802219124
IT,RIM,44.0056,12.4856,0.186,17,Ucr,100,SL,10.1932811187739,10.084729582778555
IT,RMCL,41.914,12.4542,0.093,3,Al,100,SL,25.5611740139005,13.395238522308224
IT,RMMM,41.9232,12.4526,0.157,17,Ucr,100,SL,26.3894434170307,0.8464980952542929
IT,RMPV,41.8959,12.4844,0.011,3,Al,100,SL,24.9714975712272,8.289014278202453
IT,RMUL,41.904,12.4721,0.077,3,Al,100,SL,25.1581229786996,22.212775008640808
IT,RMVT,41.956,12.4859,0.076,3,Al,100,SL,30.8494287680831,3.7789651924419143
IT,RNC,43.8704,11.6068,0.534,6,Ssr,100,SL,74.3751983206593,3.474029573309544
IT,RNS,44.5954,8.936,0.437,18,Ssr,100,SL,20.1622322446511,1.1187995469756105
IT,RNV2,40.9283,15.669,0.683,11,Pr,100,SL,63.1309183608939,19.286734529156146
IT,ROT7,39.949,16.042,0.661,3,Al,100,SL,23.4051776026644,116.53769617435177
IT,RQT,42.813,13.311,1.188,6,Ssr,230,GL,49.7953911276368,8.784479070730692
IX,RSF3,40.9643,15.176,0.865,6,Ssr,210,ACL,47.4018327368827,17.436944507981362
IT,RSN,39.5706,16.6301,0.433,15,Sr,220,PCL,5.5058063979588,61.2986471290579
IT,RST,46.3629,13.3537,0.673,4,Gd,300,FL,63.5813180442682,18.25819050436745
IT,RTI,42.4302,12.829,0.393,3,Al,210,ACL,81.4066241330289,114.61419364394408
IT,RVR,44.9044,9.5981,0.237,3,Al,100,SL,69.1814654709815,60.81676231080439
IT,RVST,46.5232,12.9265,0.992,3,Al,100,SL,92.3502368408012,12.166732581242275
IT,RVT,40.9315,15.6741,0.725,11,Pr,100,SL,62.630498249186,9.608256980532223
IT,SAA,38.6257,16.5227,0.381,13,Ir,220,PCL,3.24322967364399,25.55359456576325
IT,SAB,41.4058,15.0181,0.541,17,Ucr,300,FL,58.6952545025354,3.5638028908460027
IT,SAC,45.968,12.532,0.079,3,Al,210,ACL,51.6655380187508,61.85420432621726
IT,SAG,40.9316,15.1876,0.928,16,Ccr,300,FL,45.462049216393,11.992799514777367
IX,SALI,40.93,15.18,0.872,16,Ccr,100,SL,44.931716224191,12.252015808156116
IT,SAP,38.6251,16.5251,0.351,13,Ir,100,SL,3.03877410096314,17.279940359224824
IT,SAR,40.0746,15.652,0.196,6,Ssr,340,OL,1.78867347580501,8.590141023192615
IT,SARM,45.0544,9.49,0.104,3,Al,100,SL,81.0327665220645,32.783140286361174
IT,SAS,44.4833,8.4862,0.415,10,M,230,GL,15.6534658275375,11.624948046534971
IT,SAV,44.2448,7.3262,0.976,14,Nsr,300,FL,53.7087087996178,26.332754186652814
IT,SBC,41.9132,13.1055,0.673,10,M,230,GL,59.7194078582654,13.83399420828195
IT,SBDA,41.3023,13.0299,0.027,17,Ucr,100,SL,1.77608123889269,10.047562347139134
IT,SBR,39.6946,16.4682,0.018,3,Al,220,PCL,5.09064333047238,44.716383947701146
IT,SBT,42.9338,13.8604,0.287,17,Ucr,100,SL,2.65049687610912,13.069695414300464
IT,SCC,37.9105,13.0784,0.073,17,Ucr,210,ACL,17.1730515764201,109.77773488797004
IT,SCF,42.2651,13.9985,0.128,6,Ssr,100,SL,29.7241973028995,10.994976245432438
IT,SCI,38.2557,15.7147,0.098,15,Sr,100,SL,0.0802155284003643,18.040722117821183
IT,SCL,39.7739,15.8004,0.014,3,Al,100,SL,0.509995281286474,8.219066959351029
IX,SCL3,40.6951,15.5114,0.744,12,Cr,230,GL,54.1416468765617,12.982436582496964
IT,SCM,41.7108,14.9837,0.678,2,CM,100,SL,26.917633595691,56.432370365763504
IT,SCN,41.9187,13.8724,0.984,3,Al,100,SL,66.6797175843737,10.350940634621836
IT,SCO,42.3632,13.2656,0.771,16,Ccr,100,SL,72.8092230880719,18.65108567985652
IT,SCP,41.8072,15.1646,0.298,17,Ucr,210,ACL,12.7334309223358,31.009082522234145
IT,SCR,36.8296,14.5275,0.139,12,Cr,100,SL,4.76709685933007,2.9078331469856384
IT,SCS,40.0371,18.4615,0.035,12,Cr,100,SL,0.0778451276664758,6.290759112563163
IT,SCV,41.3063,14.8804,0.714,6,Ssr,100,SL,70.5595168895582,17.288937489337854
IT,SDF,46.1669,13.0075,0.246,3,Al,100,SL,52.8822629008957,0.2646105385848548
IT,SDG,41.8426,15.5589,0.257,12,Cr,340,OL,8.13163015236411,14.764005907804597
IT,SDM,42.2897,13.5577,0.666,3,Al,100,SL,55.4083905037446,12.542174014623216
IT,SDN,39.7082,16.0461,0.776,15,Sr,210,ACL,19.4251057134771,36.26461150379331
IT,SDV,45.6281,13.8967,0.488,12,Cr,100,SL,6.62837011958325,2.543697471871833
IT,SEL,44.2654,9.4033,0.076,18,Ssr,100,SL,0.409613610427539,22.23393962070916
IT,SEM,46.4847,10.2713,1.466,4,Gd,100,SL,203.286300118689,28.17570541450572
IT,SEP,41.625,14.8802,0.651,17,Ucr,210,ACL,39.0045601336306,6.41971420232561
RF,SERN,45.8724,12.1319,0.136,3,Al,100,SL,53.4958734564673,21.68398654626564
IX,SFL3,40.7889,15.5782,1.062,18,Ssr,230,GL,64.4731492098662,255.29838099665025
IT,SGD,41.709,15.7332,0.622,12,Cr,100,SL,17.4616008464438,46.4897160783305
IT,SGMA,41.6845,14.9644,0.512,6,Ssr,100,SL,30.1913439792204,12.116437327245428
IT,SGPA,41.6876,14.9629,0.509,6,Ssr,100,SL,29.9054420371354,27.31305843948282
IT,SGR,41.272,14.9261,0.636,6,Ssr,100,SL,67.494046685217,23.86315481472798
IT,SGSC,41.6892,14.9581,0.517,6,Ssr,100,SL,29.8704259059863,0.0159698192295372
IT,SGV,39.2633,16.6897,1.165,13,Ir,100,SL,34.153877152147,62.99950414042583
IT,SGVC,45.0765,10.3798,0.065,3,Al,100,SL,117.920765025441,4.359065527305277
IT,SIG,43.3308,12.7408,0.535,17,Ucr,100,SL,62.0546761006412,0.6238530393672714
IT,SIN,40.4043,16.2267,0.856,17,Ucr,100,SL,48.1151834583036,1.4472185798751915
IT,SLC1,40.3951,15.596,0.563,17,Ucr,100,SL,35.2302409198335,107.42846067700674
IT,SLD,43.8739,12.6739,0.364,16,Ccr,100,SL,11.6210480399319,22.050064064703797
IT,SLL,38.8843,16.7447,0.008,3,Al,100,SL,0.271475525660674,17.96735527486232
IT,SLO,42.9002,12.9528,0.876,10,M,100,SL,90.0423439103659,20.75511546686054
IT,SLOB,45.6044,10.5165,0.076,3,Al,100,SL,174.174661990776,10.989442668714124
IT,SLS,44.6323,9.4059,0.381,16,Ccr,230,GL,35.3446872662753,46.1113544881713
IT,SLZ,44.6509,7.4991,0.392,3,Al,100,SL,95.5354771505243,4.609790468750693
IT,SMA,39.5564,16.125,0.457,17,Ucr,210,ACL,16.4182202302273,31.11049050402807
IT,SMP,44.0641,10.8037,1.022,6,Ssr,100,SL,50.1911092624543,26.80200416533909
IT,SMR,40.4871,16.2459,0.584,17,Ucr,100,SL,53.6232063524867,16.699555340482643
IT,SNA,40.2579,16.2477,0.322,3,Al,100,SL,36.3300892226743,3.4579215594899577
IT,SNG,43.6855,13.2261,0.085,17,Ucr,100,SL,2.56182998537338,1.972813538738868
IT,SNI,42.632,12.554,0.38,17,Ucr,100,SL,86.085465294294,11.64440763834152
IT,SNM,43.9343,12.4493,0.743,12,Cr,210,ACL,18.3988231592532,2.180473218347838
IT,SNN,41.8321,15.5709,0.216,12,Cr,100,SL,9.46963662653378,3.605742845407255
IT,SNO,43.0371,13.3041,0.528,6,Ssr,100,SL,46.3835768367756,26.72869614542029
IX,SNR3,40.7357,15.1927,1.009,12,Cr,300,FL,31.8769678920554,41.04223522841169
IT,SNS1,43.5735,12.1312,0.366,3,Al,100,SL,66.3720618672423,4.586279065442444
IT,SNZ,40.2427,15.5503,0.641,12,Cr,100,SL,18.3424690618174,17.393995808117165
IT,SNZ1,45.0742,9.8944,0.042,3,Al,100,SL,98.2345140289861,51.13103376258815
IT,SON,46.1732,9.8572,0.523,15,Sr,100,SL,208.613208799876,20.625325223414027
IT,SORA,41.7154,13.6061,0.338,17,Ucr,100,SL,50.5034978388575,30.292023518418244
IT,SPA,40.0353,16.3345,0.855,6,Ssr,100,SL,25.3810589796723,20.813810676061763
IT,SPD,42.5151,13.371,1.338,6,Ssr,230,GL,56.4924622446715,31.715748374209795
IT,SPI,46.1082,12.9058,0.18,3,Al,300,FL,49.253440351411,18.69734891668714
IT,SPM,42.7232,12.7512,0.778,12,Cr,300,FL,102.795761284651,7.319131048880994
IT,SPO1,42.7344,12.7363,0.428,3,Al,100,SL,103.290986096568,3.483994980327467
IT,SPP,46.5725,12.709,1.318,3,Al,230,GL,102.886100302427,1.8040362840644475
IT,SPR,38.2672,15.6019,0.111,17,Ucr,100,SL,1.0003381010084,2.8079400327312225
IT,SPS,39.3402,16.4491,1.307,13,Ir,100,SL,34.9271534464606,28.27708265547367
IT,SPT1,41.458,14.4927,0.785,12,Cr,300,FL,70.5534652878451,0.2215215608433064
IT,SPVL,41.7892,14.1828,0.984,6,Ssr,100,SL,58.0511150755812,6.243077588522989
IT,SPZ,39.6594,16.3019,0.386,15,Sr,220,PCL,19.2589248263358,273.49688243083745
IT,SQL,38.7799,16.5162,0.535,16,Ccr,230,GL,4.6702394846823,41.5384141365071
IT,SRC,37.0896,15.2924,0.103,12,Cr,100,SL,0.624443087485639,31.6652249971038
IT,SRE,45.6703,9.7518,0.22,3,Al,100,SL,153.127245103555,7.983967374586273
IT,SRL,43.5179,13.6193,0.086,6,Ssr,100,SL,0.335835502901801,31.03073215389089
IT,SRN,38.572,16.3235,0.815,3,Al,100,SL,23.0554182839578,47.24510440669135
IX,SRN3,40.4861,15.458,1.067,12,Cr,230,GL,46.1932870701177,62.10736772774913
IT,SRP,44.8483,10.4469,0.032,3,Al,100,SL,96.1006980976416,17.765599515566024
IT,SRT,37.1665,15.0542,0.467,12,Cr,100,SL,12.0888411472429,27.859284702714127
IT,SSB,38.581,16.3207,0.835,13,Ir,210,ACL,22.0823602166237,193.4376201429828
IX,SSB3,41.0785,15.2292,0.724,17,Ucr,210,ACL,59.8094273936235,84.04933082709108
IT,SSC,42.8746,11.8768,0.645,12,Cr,300,FL,65.3439278173915,6.460437706612455
IT,SSG,43.5698,12.1463,0.347,3,Al,100,SL,66.0314493066059,13.066215908456554
IT,SSNM,41.641,14.3296,0.74,12,Cr,100,SL,60.489946544441,18.081731620792382
IT,SSO,43.5715,12.154,0.376,6,Ssr,100,SL,65.5773650810423,19.703882971570287
IT,SSR,41.6913,15.3736,0.14,17,Ucr,100,SL,23.3093328179589,12.450811855938516
IT,SSU,44.507,10.7848,0.448,6,Ssr,100,SL,79.3044004848906,28.61874582305737
IT,SSV,41.6811,15.3857,0.095,17,Ucr,100,SL,24.3876321510425,2.470304411578668
IT,STB,38.804,15.2336,0.112,9,Lb,230,GL,0.398986596506538,0.2436354600415489
IT,STC,38.0063,14.353,0.257,6,Ssr,220,PCL,1.03731723767489,11.472137147099524
IT,STF,43.9081,11.7944,0.64,6,Ssr,100,SL,59.5672650950788,21.61232858057456
IT,STG,41.5656,14.2311,0.421,17,Ucr,100,SL,55.3285090579948,0.4304703010380664
IT,STI,38.4751,16.4619,0.439,6,Ssr,230,GL,11.2013108174026,0.4976251508808618
IT,STL,40.5408,15.6431,0.748,18,Ssr,100,SL,51.8383429562066,64.63354464816918
IT,STN,41.0183,15.1117,0.684,6,Ssr,100,SL,48.0910211329227,7.403311017162442
IX,STN3,40.53,15.6515,0.832,18,Ssr,230,GL,50.666730078287,9.81662184913747
RF,STOL,46.3605,13.3546,0.586,3,Al,100,SL,63.3058393685889,10.531301171513537
IT,STR,41.0212,15.1163,0.586,6,Ssr,210,ACL,48.8428818874554,23.99714508670449
IT,STS,43.9424,11.905,0.268,3,Al,100,SL,49.9046976301524,12.552404468580695
IT,SUL,42.0895,13.9343,0.569,12,Cr,230,GL,48.6411914234043,7.209302402343103
IT,SULA,42.0734,13.9166,0.412,3,Al,100,SL,50.9052943719149,9.390448139414085
IT,SULC,42.068,13.909,0.423,3,Al,100,SL,51.7306612430433,16.48645825024142
IT,SULP,42.085,13.9274,0.405,17,Ucr,210,ACL,49.3485775581891,11.046697575118156
IT,SUS,45.1425,7.0429,0.645,15,Sr,340,OL,155.819471124191,44.47555575805512
IT,SUZR,44.9879,10.7442,0.063,3,Al,100,SL,120.923478061227,9.369205333633104
IT,SVA,44.3076,8.46,0.137,13,Ir,100,SL,1.30090262244159,11.453805376665285
IT,SVN,37.683,15.1299,0.426,9,Lb,220,PCL,6.58547207347945,44.30166865599556
IT,SVP,38.1734,12.7278,0.108,12,Cr,100,SL,0.794484677451464,42.2422177639083
IT,TAO,37.8523,15.2862,0.261,12,Cr,100,SL,0.482496373850623,4.7426525489179445
IT,TART,40.4618,17.255,0.047,16,Ccr,100,SL,0.595891366084557,6.940542308551336
HA,TARV,46.5074,13.568,0.812,4,Gd,300,FL,78.1508505058476,4.089389190548583
IX,TEGI,40.3799,15.5365,0.568,12,Cr,100,SL,33.6200911206937,14.279801475454752
IT,TEM,37.9878,13.6989,0.1,12,Cr,100,SL,0.323349760540965,0.4903435578828919
IT,TER,42.6565,13.6895,0.317,6,Ssr,100,SL,26.0249224534963,4.918474029812088
IT,TES,38.1424,13.0886,0.114,17,Ucr,100,SL,1.54042090068492,1.535534422391907
IT,TGG,45.562,11.1827,0.762,12,Cr,100,SL,93.1708020897875,20.711996679382164
IT,TGL,44.5337,9.1659,1.087,12,Cr,230,GL,19.0410043151936,32.38478714631589
IT,TGN,40.3919,15.5258,0.475,3,Al,100,SL,35.0373976883346,11.60002333438325
IT,TLM2,46.3814,12.9839,0.519,12,Cr,100,SL,76.0118918663592,2.6670408094967093
IT,TLN,43.2159,13.2584,0.412,6,Ssr,210,ACL,47.0132435425131,9.844362664200862
IT,TLS,41.2224,14.53,0.163,12,Cr,300,FL,47.3368712528831,44.69661724288628
IT,TMO,41.9895,14.975,0.103,17,Ucr,100,SL,1.95142828611915,15.520067314756044
IT,TNO,45.1008,7.6339,0.324,3,Al,100,SL,117.995187219301,7.380934988686102
IT,TNS,45.0305,7.6841,0.408,17,Ucr,100,SL,109.241190283837,7.436638153647914
IT,TOD,42.7381,12.3873,0.429,6,Ssr,100,SL,88.7327113938781,21.665602506035388
IT,TOR,38.0443,14.8146,0.604,15,Sr,300,FL,12.1395055215236,6.174406151559967
IT,TPA,38.6736,15.8891,0.092,17,Ucr,100,SL,0.197376441284568,35.45995600395458
IT,TPI,38.0055,12.534,0.047,3,Al,100,SL,1.36399281876516,99.42538003026398
IT,TRA,46.186,12.8779,0.272,3,Al,100,SL,58.0806433290441,25.471837419394543
IT,TRE,42.8765,12.7358,0.261,3,Al,100,SL,101.368235764088,60.48972921773458
IT,TRF,38.2643,15.6341,0.012,3,Al,100,SL,0.314579488664356,3.975545837298249
MN,TRI,45.709,13.7642,0.161,12,Cr,100,SL,2.81628877504147,33.96014307788179
IT,TRL,42.4613,12.9323,1.226,12,Cr,300,FL,98.2239994253233,4.26287304640761
IT,TRM,37.9902,13.7003,0.014,10,M,100,SL,0.0678881034361807,39.777009312998
IT,TRN1,42.5582,12.6461,0.175,3,Al,100,SL,82.6195055892258,5.267439992683137
IT,TRO,40.6145,16.1422,0.769,16,Ccr,100,SL,70.1259849566247,0.6968874059989435
IT,TRR,40.6196,16.1561,0.666,6,Ssr,100,SL,69.9047261785035,8.154534902608948
IT,TRS,39.6311,16.2241,0.112,3,Al,100,SL,26.5997419866867,7.148666534855482
IT,TRT,44.886,8.8831,0.211,12,Cr,210,ACL,51.4797193098723,9.070523942398994
IT,TRTO,46.1245,11.0992,0.264,3,Al,100,SL,128.350523306908,33.422550375883176
IT,TRV,41.7829,14.5507,0.566,6,Ssr,100,SL,37.1946731099715,37.54011706712949
IT,TSC,42.4226,11.8696,0.193,9,Lb,100,SL,25.2615532410883,5.269198792809952
IT,TVL,41.893,12.7732,0.118,3,Al,210,ACL,40.6566791958695,14.872355466989154
IT,TVR,43.7123,11.2187,0.083,3,Al,100,SL,74.775236074711,10.252834481559242
RF,UDIN,46.0654,13.2368,0.168,3,Al,100,SL,38.4525296936064,5.571450455642659
IT,UGN,39.8949,18.123,0.023,16,Ccr,100,SL,1.03640076042303,23.1622071711082
IT,UMB,43.2544,12.2556,0.628,6,Ssr,100,SL,88.5864729698275,41.548946216333775
IT,UMBT,43.304,12.3437,0.252,3,Al,100,SL,80.6172184159188,28.82604937240357
IT,URBI,43.7239,12.6348,0.443,6,Ssr,100,SL,28.5394388832065,0.0226786481067104
IT,URBN,43.6709,12.5187,0.289,3,Al,100,SL,37.641861893836,31.70502402096795
IT,UST,42.9419,13.125,0.733,12,Cr,100,SL,64.5193649142412,13.544529575388262
IT,VAL,43.1593,12.6017,0.348,3,Al,100,SL,83.9829483299851,38.868025213132114
IT,VALS,46.3388,11.8017,2.086,6,Ssr,230,GL,111.34959928268,21.22194413384042
IT,VAV,45.9998,12.8446,0.105,3,Al,100,SL,43.0699298469496,7.481202675757552
IT,VBM,38.7138,16.1238,0.053,3,Al,100,SL,0.261536406621981,7.243025735230448
IT,VBV,38.6779,16.1065,0.537,15,Sr,100,SL,3.76820655334769,66.94983560039257
IT,VCNZ,45.527,11.5894,0.08,3,Al,100,SL,62.0783004441186,89.09342509622267
IT,VDB,45.9069,11.9913,0.44,12,Cr,300,FL,62.3511774228673,5.742723678631118
IX,VDP3,40.6052,15.5721,0.959,18,Ssr,210,ACL,58.5028333006901,21.921919047042188
IX,VDS3,40.7408,15.427,1.154,12,Cr,230,GL,51.0723193950866,17.105977310329575
IT,VGG,39.9676,16.0511,0.371,3,Al,210,ACL,24.9909199710024,18.07329174215829
IX,VGG3,40.336,15.901,0.882,6,Ssr,210,ACL,37.3658924112361,21.197043848297437
IT,VGG7,39.9727,16.0851,0.616,12,Cr,100,SL,27.8469363812032,2.857347986315508
IT,VGL,44.1107,10.2896,0.613,14,Nsr,100,SL,19.5414517817784,4.371070530106102
IT,VGR,44.9945,8.9809,0.131,3,Al,100,SL,64.6481689886512,11.583646293451194
RF,VIDO,45.8583,12.0419,0.17,3,Al,100,SL,55.7243494472898,63.01164114582496
IT,VIE,41.877,16.1653,0.06,17,Ucr,100,SL,1.1788641111892,28.734325279449177
NI,VINO,46.256,13.281,0.608,6,Ssr,100,SL,53.8332691277542,3.5727337083017643
IT,VLC,40.5877,17.469,0.293,12,Cr,100,SL,24.6489707052254,3.395974154969581
IT,VLFB,43.1594,12.5964,0.302,3,Al,100,SL,84.1378042350142,154.62981959001738
IT,VLL,41.6704,12.7726,0.225,11,Pr,100,SL,25.3524318000218,32.54259893084324
IT,VLM,44.3648,10.4661,0.677,6,Ssr,100,SL,50.4152201372088,11.79507301200474
IT,VLN,43.1427,11.8947,0.258,3,Al,210,ACL,93.3891966275457,77.12521326185019
IT,VLS2,38.2175,15.6469,0.106,17,Ucr,100,SL,1.17278700657626,17.741404018688645
IT,VLT,43.4027,10.8674,0.543,17,Ucr,100,SL,32.6763172817841,1.7638464595819976
IT,VNCH,41.4945,14.5861,0.635,17,Ucr,100,SL,64.5444202532533,10.426042492792684
IT,VNF1,41.4805,14.0501,0.231,17,Ucr,100,SL,38.3632722346596,5.697890713393734
IT,VNM,43.7997,7.6017,0.065,16,Ccr,100,SL,1.07109598126643,48.68572711947926
IT,VNN,40.1719,16.4431,0.247,17,Ucr,100,SL,17.191497518599,9.46178979265906
IT,VNZ,46.3338,13.1402,0.296,17,Ucr,100,SL,68.7738294237832,17.722764895172165
IT,VRB,45.9318,8.5589,0.268,3,Al,100,SL,167.873265679023,11.999804826619512
IT,VRCL,45.301,8.4117,0.127,3,Al,100,SL,100.60485681286,10.96798979666272
IT,VRL,44.3927,9.6334,0.803,18,Ssr,230,GL,21.7246505363613,19.378940409633767
IT,VRNA,45.4262,10.9922,0.11,3,Al,100,SL,104.166802004037,37.18330636337199
IT,VRP,41.3332,14.1317,0.207,16,Ccr,100,SL,32.5290327784178,6.874921848051892
IT,VSD,41.8807,16.1703,0.048,12,Cr,100,SL,0.647027059930498,22.59222067114025
IT,VSE,42.1221,14.7071,0.137,17,Ucr,100,SL,1.10622852097016,21.679858095746305
IT,VTT,36.9484,14.5194,0.169,17,Ucr,100,SL,10.2540328540644,5.102867024749914
IT,VZZ,37.1634,14.7553,0.646,9,Lb,100,SL,35.0573754666804,0.9592006555821312
IT,ZPG,44.4657,11.2158,0.195,5,E,100,SL,85.0453114889736,3.650916070054085
IT,ZPP,44.5244,11.2044,0.094,3,Al,100,SL,84.2861726123961,39.12963984765887
